n_individuals,n_tissues,n_tests,model,avg_secs,avg_hours,avg_days,avg_years
250,14,100,FastGxE,0.148592751026154,4.12757641739316e-05,1.71982350724715e-06,4.71184522533465e-09
250,14,100,LM-GxE,0.955972480773926,0.000265547911326091,1.10644963052538e-05,3.03136885075446e-08
250,14,100,LMM-GxE,39.3311319351196,0.0109253144264221,0.000455221434434255,1.24718201214864e-06
250,14,100,TbT,0.149212312698364,4.14478646384345e-05,1.72699435993477e-06,4.73149139708157e-09
250,14,1000,FastGxE,0.174069609642029,4.8352669345008e-05,2.014694556042e-06,5.51971111244384e-09
250,14,1000,LM-GxE,7.71621580123901,0.00214339327812195,8.93080532550812e-05,2.44679597959127e-07
250,14,1000,LMM-GxE,336.514093780518,0.0934761371612549,0.00389483904838562,1.06707919133853e-05
250,14,1000,TbT,0.17752110004425,4.93114166789585e-05,2.05464236162327e-06,5.62915715513225e-09
250,14,10000,FastGxE,0.347480580806732,9.65223835574256e-05,4.0217659815594e-06,1.10185369357792e-08
250,14,10000,LM-GxE,80.7035320043564,0.0224176477789879,0.000934068657457829,2.55909221221323e-06
250,14,10000,LMM-GxE,3561.89534268379,0.98941537296772,0.0412256405403217,0.000112946960384443
250,14,10000,TbT,0.370877921581268,0.000103021644883686,4.29256853682024e-06,1.1760461744713e-08
250,14,1e+05,FastGxE,0.75950775384903,0.000210974376069175,8.79059900288229e-06,2.4083832884609e-08
250,14,1e+05,LM-GxE,952.816420555114,0.264671227931976,0.011027967830499,3.02136104945178e-05
250,14,1e+05,LMM-GxE,33095.9751574516,9.19332643262545,0.38305526802606,0.00104946648774263
250,14,1e+05,TbT,0.815078001022339,0.000226410555839539,9.43377315998078e-06,2.5845953862961e-08
250,14,1e+06,FastGxE,1.80375519990921,0.000501043111085892,2.08767962952455e-05,5.71967021787548e-08
250,14,1e+06,LM-GxE,6944.46923704147,1.92901923251152,0.0803758013546467,0.000220207674944237
250,14,1e+06,LMM-GxE,302981.262032032,84.1614616755645,3.50672756981519,0.00960747279401421
250,14,1e+06,TbT,1.8309005188942,0.00050858347747061,2.11909782279421e-05,5.80574745971016e-08
250,14,1e+07,FastGxE,6.12350470066071,0.00170097352796131,7.08738969983878e-05,1.94175060269556e-07
250,14,1e+07,LM-GxE,69043.6103530884,19.1787806536357,0.799115860568152,0.00218935852210453
250,14,1e+07,LMM-GxE,3068118.02744494,852.255007623593,35.5106253176497,0.097289384431917
250,14,1e+07,TbT,6.16990958929062,0.00171386377480295,7.14109906167896e-05,1.9564654963504e-07
250,50,100,FastGxE,0.722469525337219,0.000200685979260339,8.36191580251411e-06,2.29093583630524e-08
250,50,100,LM-GxE,14.4685466766357,0.00401904074350993,0.00016746003097958,4.58794605423508e-07
250,50,100,LMM-GxE,608.48836183548,0.1690245449543,0.00704268937309583,1.92950393783447e-05
250,50,100,TbT,0.751329092979431,0.00020870252582762,8.69593857615082e-06,2.38244892497283e-08
250,50,1000,FastGxE,0.691287422180176,0.000192024283938938,8.00101183078907e-06,2.19205803583262e-08
250,50,1000,LM-GxE,98.2944494247437,0.0273040137290955,0.00113766723871231,3.11689654441729e-06
250,50,1000,LMM-GxE,4922.12285757065,1.36725634932518,0.0569690145552158,0.000156079491932098
250,50,1000,TbT,0.722417368888855,0.000200671491358015,8.3613121399173e-06,2.29077044929241e-08
250,50,10000,FastGxE,1.22410347938538,0.000340028744273716,1.41678643447381e-05,3.88160666979127e-08
250,50,10000,LM-GxE,1182.75968194485,0.328544356095791,0.013689348170658,3.75050634812547e-05
250,50,10000,LMM-GxE,49273.3270411134,13.6870352891982,0.570293137049923,0.00156244695082171
250,50,10000,TbT,1.21228588581085,0.000336746079391903,1.40310866413293e-05,3.84413332639159e-08
250,50,1e+05,FastGxE,1.90787998914719,0.000529966663651996,2.20819443188332e-05,6.04984775858443e-08
250,50,1e+05,LM-GxE,7564.95410871506,2.10137614130974,0.0875573392212391,0.00023988312115408
250,50,1e+05,LMM-GxE,394004.652453232,109.445736792564,4.56023903302352,0.0124938055699274
250,50,1e+05,TbT,2.00546986579895,0.000557074962721931,2.32114567800804e-05,6.3593032274193e-08
250,50,1e+06,FastGxE,5.57017313241959,0.001547270314561,6.44695964400415e-05,1.76629031342579e-07
250,50,1e+06,LM-GxE,73051.0777579308,20.2919660438697,0.845498585161236,0.0023164344798938
250,50,1e+06,LMM-GxE,3843881.75334549,1067.74493148486,44.4893721452024,0.121888690808774
250,50,1e+06,TbT,5.59955509662628,0.00155543197128508,6.48096654702116e-05,1.77560727315648e-07
250,50,1e+07,FastGxE,24.0725964260101,0.00668683234055837,0.000278618014189932,7.63337025177896e-07
250,50,1e+07,LM-GxE,798672.477757073,221.853466043631,9.24389441848463,0.0253257381328346
250,50,1e+07,LMM-GxE,40128126.0642305,11146.7016845085,464.445903521187,1.27245453019503
250,50,1e+07,TbT,24.1915255618095,0.00671986821161376,0.00027999450881724,7.67108243334904e-07
900,14,100,FastGxE,0.172018039226532,4.77827886740367e-05,1.99094952808486e-06,5.45465624132839e-09
900,14,100,LM-GxE,2.42362861633301,0.000673230171203613,2.80512571334839e-05,7.68527592698189e-08
900,14,100,LMM-GxE,126.104588413239,0.0350290523370107,0.00145954384737545,3.99875026678204e-06
900,14,100,TbT,0.185156021118164,5.14322280883789e-05,2.14300950368246e-06,5.87125891419851e-09
900,14,1000,FastGxE,0.296485502719879,8.23570840888553e-05,3.43154517036897e-06,9.40149361744924e-09
900,14,1000,LM-GxE,23.3115703582764,0.00647543621063232,0.00026980984210968,7.39205046875836e-07
900,14,1000,LMM-GxE,1079.74847917557,0.299930133104324,0.0124970888793469,3.42385996694434e-05
900,14,1000,TbT,0.324381983280182,9.01061064667172e-05,3.75442110277988e-06,1.02860852130956e-08
900,14,10000,FastGxE,0.868623185157776,0.000241284218099382,1.00535090874743e-05,2.75438605136281e-08
900,14,10000,LM-GxE,198.830317540169,0.055230643761158,0.00230127682338158,6.30486800926461e-06
900,14,10000,LMM-GxE,9957.00245208979,2.76583401446939,0.115243083936224,0.000315734476537601
900,14,10000,TbT,0.899189848899841,0.000249774958027734,1.04072899178222e-05,2.85131230625267e-08
900,14,1e+05,FastGxE,2.07154547929764,0.0005754292998049,2.39762208252041e-05,6.5688276233436e-08
900,14,1e+05,LM-GxE,2223.03836603165,0.617510657231013,0.0257296107179589,7.04920841587915e-05
900,14,1e+05,LMM-GxE,100268.932479572,27.8524812443256,1.1605200518469,0.00317950699136137
900,14,1e+05,TbT,2.16154269456863,0.000600428526269065,2.5017855261211e-05,6.85420692087974e-08
900,14,1e+06,FastGxE,5.20385636329651,0.00144551565647125,6.02298190196355e-05,1.65013202793522e-07
900,14,1e+06,LM-GxE,18432.4613665581,5.12012815737724,0.213338673224052,0.000584489515682334
900,14,1e+06,LMM-GxE,933424.822456455,259.284672904571,10.8035280376905,0.0295987069525766
900,14,1e+06,TbT,5.28840789079666,0.00146900219188796,6.12084246619984e-05,1.67694314142461e-07
900,14,1e+07,FastGxE,16.8406115245819,0.0046779476457172,0.000194914485238216,5.34012288323881e-07
900,14,1e+07,LM-GxE,192758.589796543,53.544052721262,2.23100219671925,0.00611233478553219
900,14,1e+07,LMM-GxE,9669820.27549582,2686.06118763773,111.919216151572,0.306627989456362
900,14,1e+07,TbT,16.9550147652626,0.00470972632368406,0.000196238596820169,5.37639991288134e-07
900,50,100,FastGxE,0.828385660648346,0.000230107127957874,9.58779699824474e-06,2.62679369814925e-08
900,50,100,LM-GxE,60.1392176628113,0.0167053382396698,0.000696055759986242,1.90700208215409e-06
900,50,100,LMM-GxE,2178.01531162262,0.605004253228505,0.0252085105511877,6.90644124690075e-05
900,50,100,TbT,0.85705887556076,0.000238071909877989,9.91966291158288e-06,2.71771586618709e-08
900,50,1000,FastGxE,1.06344688415527,0.000295401912265354,1.23084130110564e-05,3.37216794823463e-08
900,50,1000,LM-GxE,402.999425697327,0.111944284915924,0.00466434520483017,1.27790279584388e-05
900,50,1000,LMM-GxE,17947.4510124207,4.98540305900574,0.207725127458572,0.000569109938242664
900,50,1000,TbT,1.12324812412262,0.000312013367811839,1.300055699216e-05,3.56179643620821e-08
900,50,10000,FastGxE,1.92354901313782,0.00053431917031606,2.22632987631692e-05,6.09953390771758e-08
900,50,10000,LM-GxE,2736.65937115431,0.760183158653975,0.0316742982772489,8.67788993897231e-05
900,50,10000,LMM-GxE,143409.871893983,39.8360755261064,1.65983648025443,0.00454749720617653
900,50,10000,TbT,1.95750143051147,0.000543750397364298,2.26562665568458e-05,6.20719631694405e-08
900,50,1e+05,FastGxE,5.24072559118271,0.00145575710866186,6.06565461942443e-05,1.66182318340395e-07
900,50,1e+05,LM-GxE,28662.3943705559,7.9617762140433,0.331740675585138,0.000908878563246952
900,50,1e+05,LMM-GxE,1397804.88587894,388.279134966374,16.1782972902656,0.0443241021651111
900,50,1e+05,TbT,5.34381287574768,0.00148439246548547,6.18496860618945e-05,1.69451194690122e-07
900,50,1e+06,FastGxE,16.9163593196869,0.00469898869991302,0.000195791195829709,5.36414235149889e-07
900,50,1e+06,LM-GxE,280868.37736845,78.0189937134584,3.25079140472743,0.00890627782117105
900,50,1e+06,LMM-GxE,14422904.1941591,4006.36227615531,166.931761506471,0.457347291798552
900,50,1e+06,TbT,17.0142553472519,0.0047261820409033,0.000196924251704304,5.39518497820012e-07
