set,feature,odds_ratio,p.value,conf_int.lower,conf_int.upper,ctA,ctB,ctC,ctD
FastGxE_all,CTCF_binding_site,1.2102951131343473,0,1.1995420963798271,1.221159206842783,110673,92077,2681380,2699976
FastGxE_all,promoter_flanking_region,1.1665381507324655,0,1.1600438757938163,1.1729957318910083,298061,259463,2493992,2532590
FastGxE_all,open_chromatin_region,0.9242017823045423,4.0859207625107658e-25,0.910460822855274,0.9381066533226463,33603,36324,2758450,2755729
FastGxE_all,TF_binding_site,1.1198668452112872,6.731040116135586e-20,1.0928948499788231,1.1474974975058967,13851,12375,2778202,2779678
FastGxE_all,promoter,1.7016179774479145,0,1.6845331452913617,1.7188882092219007,103744,61916,2688309,2730137
FastGxE_all,enhancer,0.9213378567492002,1.4272684835409573e-55,0.9119291834771789,0.9307853213523996,72556,78578,2719497,2713475
FastGxE_all,non_coding_transcript_exon_variant,1.3351290112208227,0,1.3177858225510335,1.352690265032974,53211,40046,2738842,2752007
FastGxE_all,downstream_gene_variant,1.4657487477146949,0,1.4579417664394285,1.4736308611248097,366123,260644,2425930,2531409
FastGxE_all,"intron_variant,non_coding_transcript_variant",0.9496691170697286,1.9419601367382943e-93,0.9449841168041443,0.9543698817114511,354719,371013,2437334,2421040
FastGxE_all,upstream_gene_variant,1.5042044275273572,0,1.4961714485906694,1.512239261206473,370350,257664,2421703,2534389
FastGxE_all,"splice_region_variant,intron_variant,non_coding_transcript_variant",1.3466306044605054,8.198926852799075e-7,1.19462172607815,1.5188100949867291,645,479,2791408,2791574
FastGxE_all,intron_variant,1.3729742921470054,0,1.368354426066676,1.3777471385170401,1197233,986957,1594820,1805096
FastGxE_all,synonymous_variant,1.5863913498363882,2.0556705010109838e-273,1.5456950236172322,1.628269354503191,14818,9359,2777235,2782694
FastGxE_all,missense_variant,1.5980814576502476,2.2893879273809138e-248,1.5543255297711125,1.6431249718828629,13075,8196,2778978,2783857
FastGxE_all,3_prime_UTR_variant,1.6263099955614422,0,1.6004882506189329,1.65249012439947,39878,24656,2752175,2767397
FastGxE_all,"splice_region_variant,intron_variant",1.6336425868978772,4.766408435386503e-48,1.5271204442734032,1.7480717235586691,2257,1382,2789796,2790671
FastGxE_all,5_prime_UTR_variant,1.71024072267571,8.59768005453545e-154,1.642073144547082,1.781464865288832,6351,3717,2785702,2788336
FastGxE_all,"splice_donor_variant,non_coding_transcript_variant",1.3636468196502827,0.031346798914701324,1.0271051128365638,1.8163754161293053,120,88,2791933,2791965
FastGxE_all,mature_miRNA_variant,1.4594611402368989,0.09294428390520598,0.9430463307710412,2.2811202131055235,54,37,2791999,2792016
FastGxE_all,"missense_variant,splice_region_variant",1.6730096916404575,2.3637051353517702e-7,1.3694429536766184,2.0493062730692695,266,159,2791787,2791894
FastGxE_all,"splice_region_variant,synonymous_variant",1.6350643849795525,3.493364805352773e-8,1.3671016114183585,1.9595473225704318,327,200,2791726,2791853
FastGxE_all,"splice_region_variant,non_coding_transcript_exon_variant",1.344736050736062,2.9060212987380485e-4,1.1434813124482874,1.5829749247106681,355,264,2791698,2791789
FastGxE_all,"splice_region_variant,5_prime_UTR_variant",1.5102094492383435,0.030045109389028806,1.038545215954458,2.213156491912907,74,49,2791979,2792004
FastGxE_all,"splice_acceptor_variant,non_coding_transcript_variant",1.4482823659421629,0.035535128273818536,1.0242108621155677,2.0603063863719013,84,58,2791969,2791995
FastGxE_all,splice_acceptor_variant,2.142858318838275,0.022628314621327444,1.1017827363102863,4.3734960483057845,30,14,2792023,2792039
FastGxE_all,"intron_variant,NMD_transcript_variant",1.5791165751215883,0,1.5508796409681729,1.6078659997407776,30777,19569,2761276,2772484
FastGxE_all,"splice_region_variant,intron_variant,NMD_transcript_variant",1.4999995490295404,0.11960701969647253,0.9081512967039477,2.5127145144176555,42,28,2792011,2792025
FastGxE_all,splice_donor_variant,2.0909157645697514,0.004903125116920494,1.232522549126024,3.6496957222479907,46,22,2792007,2792031
FastGxE_all,stop_gained,1.8245807214676648,2.6342373479351546e-4,1.3085622939281256,2.5665661501313033,104,57,2791949,2791996
FastGxE_all,"synonymous_variant,NMD_transcript_variant",1.7241530226864614,0.0010423964369988216,1.2353999233666477,2.4257243604552183,100,58,2791953,2791995
FastGxE_all,"3_prime_UTR_variant,NMD_transcript_variant",1.8391910465608337,1.3728635622897366e-17,1.5919320475446348,2.1281831284569037,537,292,2791516,2791761
FastGxE_all,"missense_variant,NMD_transcript_variant",1.660726020359842,0.0030540844117003013,1.1795265662485335,2.3566717036373883,93,56,2791960,2791997
FastGxE_all,"5_prime_UTR_variant,NMD_transcript_variant",2.0434843867605066,0.005582373579849707,1.2162272998049344,3.526276335857676,47,23,2792006,2792030
FastGxE_only,CTCF_binding_site,1.075424169344769,5.364793894414513e-7,1.0452543592802275,1.1065325657875578,10205,9512,285932,286625
FastGxE_only,promoter_flanking_region,1.1637798025191912,6.690943968085483e-67,1.143867816129326,1.1840574786335762,30805,26863,265332,269274
FastGxE_only,open_chromatin_region,0.9670871127935549,0.15311213744710683,0.9237959744609224,1.012411012207175,3692,3816,292445,292321
FastGxE_only,TF_binding_site,0.9674235029899921,0.40425522630011546,0.8959256420628763,1.0446270830200346,1313,1357,294824,294780
FastGxE_only,promoter,0.9318629045376092,9.977736561134028e-5,0.8991864101541174,0.9656528452549563,6023,6454,290114,289683
FastGxE_only,enhancer,1.049449837337569,0.002104629048339586,1.0175909408267725,1.0822542222260336,8603,8209,287534,287928
FastGxE_only,non_coding_transcript_exon_variant,1.051975981786717,0.020802295992116623,1.0077012188465533,1.098149126014521,4374,4161,291763,291976
FastGxE_only,downstream_gene_variant,1.0559441110912822,8.350681098229421e-10,1.0376957635138455,1.0744454319251384,28870,27483,267267,268654
FastGxE_only,"intron_variant,non_coding_transcript_variant",1.0917437441441298,2.5592473402626846e-31,1.0756700770677452,1.108017539452309,42396,39306,253741,256831
FastGxE_only,upstream_gene_variant,0.994380246804009,0.5358841856234461,0.976887274543978,1.0121855976783387,26870,27008,269267,269129
FastGxE_only,"splice_region_variant,intron_variant,non_coding_transcript_variant",1.0204146691623934,1,0.6741449397737714,1.545147848458469,50,49,296087,296088
FastGxE_only,intron_variant,1.051189770375535,3.717201107008091e-20,1.0399987276684133,1.062406983478467,107458,104066,188679,192071
FastGxE_only,synonymous_variant,0.945206118333542,0.22616857806346125,0.8633081962464336,1.0348552171560417,935,989,295202,295148
FastGxE_only,missense_variant,0.9586154907249834,0.41077990041694784,0.8682537030419529,1.0583365496659893,790,824,295347,295313
FastGxE_only,3_prime_UTR_variant,1.076972651398877,0.006874726710029845,1.0204896753666013,1.1366744554756134,2808,2609,293329,293528
FastGxE_only,"splice_region_variant,intron_variant",1.0145011691299168,0.9521778541537842,0.7961036329258837,1.292927339051566,140,138,295997,295999
FastGxE_only,5_prime_UTR_variant,0.8782454976822387,0.09484958049585353,0.7542264967333472,1.0222288278593472,325,370,295812,295767
FastGxE_only,"splice_donor_variant,non_coding_transcript_variant",1.1818244989522328,0.8388164764503462,0.48854900007109264,2.913349457039115,13,11,296124,296126
FastGxE_only,mature_miRNA_variant,0.3999740361526608,0.45312222993735957,0.038074432213962166,2.443280420278571,2,5,296135,296132
FastGxE_only,"missense_variant,splice_region_variant",0.8499925215259893,0.742821542619175,0.418172770627716,1.7084733932932226,17,20,296120,296117
FastGxE_only,"splice_region_variant,synonymous_variant",0.7857005920134961,0.47986902814099264,0.4283554260428247,1.4239915315755227,22,28,296115,296109
FastGxE_only,"splice_region_variant,non_coding_transcript_exon_variant",1.1613086251295213,0.6253871837657992,0.6983311932161664,1.9414707683081478,36,31,296101,296106
FastGxE_only,"splice_region_variant,5_prime_UTR_variant",1.4999961875553582,1,0.17182583520682837,17.952791432866974,3,2,296134,296135
FastGxE_only,"splice_acceptor_variant,non_coding_transcript_variant",2.500162284579701,0.45312222993735957,0.4092858075971422,26.26434438681644,5,2,296132,296135
FastGxE_only,splice_acceptor_variant,1,0.9999999999999999,0.07250629636771318,13.791905670212895,2,2,296135,296135
FastGxE_only,"intron_variant,NMD_transcript_variant",1.084881250402624,0.008499526083768855,1.020881162656417,1.1529531889098739,2213,2041,293924,294096
FastGxE_only,"splice_region_variant,intron_variant,NMD_transcript_variant",Inf,0.49999915579470944,0.18780868567676376,Inf,2,0,296135,296137
FastGxE_only,splice_donor_variant,1,0.9999999999999999,0.07250629636771318,13.791905670212895,2,2,296135,296135
FastGxE_only,stop_gained,0.5555520176014903,0.4239446248520379,0.14625756069622375,1.8459235037686867,5,9,296132,296128
FastGxE_only,"synonymous_variant,NMD_transcript_variant",0.49999832027891083,0.5078091759164132,0.08090864246880007,2.3412376980084995,3,6,296134,296131
FastGxE_only,"3_prime_UTR_variant,NMD_transcript_variant",0.5142597521391732,0.02700153486616043,0.27418751401549246,0.9329595487249077,18,35,296119,296102
FastGxE_only,"missense_variant,NMD_transcript_variant",0.6000001208279494,0.7265606532868962,0.09315544023516831,3.083789158031473,3,5,296134,296132
FastGxE_only,"5_prime_UTR_variant,NMD_transcript_variant",1,1,0.012746650447497484,78.45198266940223,1,1,296136,296136
HET_all,CTCF_binding_site,1.2496713630156988,0,1.2364648740569697,1.2630264752760592,79262,63952,1846517,1861827
HET_all,promoter_flanking_region,1.1811948792964178,0,1.173355442778366,1.1890814605749398,209641,180496,1716138,1745283
HET_all,open_chromatin_region,0.9072093002174576,3.1531786130461297e-26,0.8909412010855449,0.9237335967380387,22862,25170,1902917,1900609
HET_all,TF_binding_site,1.1528787163547605,1.3085224900868714e-21,1.1195336406029037,1.1871727468086155,9733,8448,1916046,1917331
HET_all,promoter,1.9552354628405766,0,1.9320997587712396,1.9786330097571148,81885,42768,1843894,1883011
HET_all,enhancer,0.8904078963532878,1.7287413831461112e-75,0.8794049885707964,0.9014923229334028,48740,54569,1877039,1871210
HET_all,non_coding_transcript_exon_variant,1.3627775335244916,0,1.3417252435462987,1.3842848014557636,37924,27975,1887855,1897804
HET_all,downstream_gene_variant,1.567429992026798,0,1.5574878960030507,1.5774260100775694,267821,179923,1657958,1745856
HET_all,"intron_variant,non_coding_transcript_variant",0.8857652577966143,0,0.8804246748153154,0.8911262308371577,230434,256199,1695345,1669580
HET_all,upstream_gene_variant,1.6278120540501748,0,1.6176624189794115,1.638198994595371,274449,178404,1651330,1747375
HET_all,"splice_region_variant,intron_variant,non_coding_transcript_variant",1.5493366822103307,1.1057996259277552e-9,1.3419323495008908,1.7908757606917183,488,315,1925291,1925464
HET_all,intron_variant,1.5470364964985521,0,1.5407586997232752,1.5534903895479466,882974,681181,1042805,1244598
HET_all,synonymous_variant,1.7736568969311715,3.9890643780530277e-308,1.7201612269101538,1.8289459054311983,11460,6478,1914319,1919301
HET_all,missense_variant,1.7961724159417805,6.772668335195223e-278,1.7378746704156978,1.8566355188903125,9946,5550,1915833,1920229
HET_all,3_prime_UTR_variant,1.7860663769524505,0,1.7525507039877655,1.8203326298020612,30140,16992,1895639,1908787
HET_all,"splice_region_variant,intron_variant",1.8984733388462864,1.6152459672553388e-59,1.7531167097113192,2.056947332423949,1780,938,1923999,1924841
HET_all,5_prime_UTR_variant,2.0675756366909384,7.493441640165925e-208,1.9706586278498166,2.169609221864022,5168,2503,1920611,1923276
HET_all,"splice_donor_variant,non_coding_transcript_variant",1.109590151185659,0.5728382824132889,0.7986593594427828,1.5438416993704953,81,73,1925698,1925706
HET_all,mature_miRNA_variant,1.95653241123248,0.010336994539575681,1.1590369643798646,3.3879703304186917,45,23,1925734,1925756
HET_all,"missense_variant,splice_region_variant",2.0001005317278824,1.980725733685523e-9,1.5803425963555942,2.5440310211850727,216,108,1925563,1925671
HET_all,"splice_region_variant,synonymous_variant",1.7343493041278542,1.220148779716456e-7,1.4060521622120012,2.145899210944457,248,143,1925531,1925636
HET_all,"splice_region_variant,non_coding_transcript_exon_variant",1.3333738161517232,0.002656054884037438,1.103183368463781,1.6137776251455846,260,195,1925519,1925584
HET_all,"splice_region_variant,5_prime_UTR_variant",1.5000059993150383,0.0725462010846828,0.9659709380009915,2.354572073794357,54,36,1925725,1925743
HET_all,"splice_acceptor_variant,non_coding_transcript_variant",1.4285781615425162,0.09183338313467833,0.9471872168070197,2.1723485024962144,60,42,1925719,1925737
HET_all,splice_acceptor_variant,3.999759641596251,0.0014308477766281514,1.5928782549046536,11.96670589622095,24,6,1925755,1925773
HET_all,"intron_variant,NMD_transcript_variant",1.7455480632773093,0,1.70880725004647,1.783103741828841,23560,13568,1902219,1912211
HET_all,"splice_region_variant,intron_variant,NMD_transcript_variant",2.5386290182257487,0.00453362615930647,1.300952623924934,5.254862688666074,33,13,1925746,1925766
HET_all,splice_donor_variant,2.1250085632295463,0.015346021568992951,1.1413967902483089,4.1229508903085605,34,16,1925745,1925763
HET_all,stop_gained,1.479176699597758,0.04326504067559765,1.011293789525255,2.1801176803174926,71,48,1925708,1925731
HET_all,"synonymous_variant,NMD_transcript_variant",2.1111436110040858,1.9819527829610125e-4,1.4023102340181692,3.232304745062387,76,36,1925703,1925743
HET_all,"3_prime_UTR_variant,NMD_transcript_variant",2.381184911792366,1.6548847187930173e-26,2.011753276047761,2.8265146503709055,469,197,1925310,1925582
HET_all,"missense_variant,NMD_transcript_variant",1.9047878248658383,7.406532887833005e-4,1.2952875076205699,2.837179117483682,80,42,1925699,1925737
HET_all,"5_prime_UTR_variant,NMD_transcript_variant",2.2633247519394835,0.0031558218294734123,1.290941407885722,4.112426792987142,43,19,1925736,1925760
HET_only,CTCF_binding_site,1.029830058272928,0.022379133444996587,1.0041495997712622,1.056143741846191,12751,12394,360436,360793
HET_only,promoter_flanking_region,1.2147500056986917,6.98679423446115e-141,1.1965220470572078,1.233267862242418,40960,34386,332227,338801
HET_only,open_chromatin_region,1.0332579102064605,0.10907272935679521,0.9927529704700377,1.0753907145721036,5006,4847,368181,368340
HET_only,TF_binding_site,1.043260143640083,0.23020220400278954,0.9739124739415834,1.117575173105986,1696,1626,371491,371561
HET_only,promoter,1.0365916139859461,0.02293455928444668,1.0049827272914165,1.0692020967831908,8400,8110,364787,365077
HET_only,enhancer,1.0628942246913355,1.1569437286252322e-5,1.0342398759936389,1.0923017113689837,11008,10375,362179,362812
HET_only,non_coding_transcript_exon_variant,0.8471870284596056,4.298610618292957e-16,0.8137763273694185,0.8819248102479231,4499,5299,368688,367888
HET_only,downstream_gene_variant,0.9038685083333972,1.4404560172824716e-35,0.8895593190959782,0.9183940338774035,31833,34902,341354,338285
HET_only,"intron_variant,non_coding_transcript_variant",0.8178262496416763,4.836222393999747e-177,0.8064746480972546,0.8292904371459141,41483,49498,331704,323689
HET_only,upstream_gene_variant,0.9364726126032821,5.928341498395731e-16,0.9216276951693436,0.9514789112569615,32394,34390,340793,338797
HET_only,"splice_region_variant,intron_variant,non_coding_transcript_variant",1.1600236445282641,0.5007353319566742,0.7809141978890652,1.7286118820081555,58,50,373129,373137
HET_only,intron_variant,1.3703364549589943,0,1.3575514186404052,1.383203302537109,159298,131405,213889,241782
HET_only,synonymous_variant,1.0403826934950096,0.3452623180362867,0.9591710282666496,1.1284732586176323,1215,1168,371972,372019
HET_only,missense_variant,0.967070658295204,0.4711356758641686,0.8844419320155603,1.0574022869742303,972,1005,372215,372182
HET_only,3_prime_UTR_variant,1.0453666166409807,0.07807192576729176,0.9950764013657208,1.098203701057376,3301,3159,369886,370028
HET_only,"splice_region_variant,intron_variant",0.8275099969484682,0.07731681690693147,0.6703957465389322,1.020313739497162,168,203,373019,372984
HET_only,5_prime_UTR_variant,1.1151992140052174,0.09878702341176103,0.9802103329402064,1.2691139874627282,504,452,372683,372735
HET_only,"splice_donor_variant,non_coding_transcript_variant",0.6666633739697952,0.5034388770705409,0.23636629429158368,1.773549214388537,8,12,373179,373175
HET_only,mature_miRNA_variant,1.3333355440518195,0.7905253791474818,0.4056951202808033,4.661596565118542,8,6,373179,373181
HET_only,"missense_variant,splice_region_variant",0.8518437780795374,0.6718006190656506,0.4665701392161745,1.5429523391864894,23,27,373164,373160
HET_only,"splice_region_variant,synonymous_variant",0.6999866289554669,0.2624211909406582,0.38089421222230696,1.264020521963131,21,30,373166,373157
HET_only,"splice_region_variant,non_coding_transcript_exon_variant",0.891882874125422,0.7201901459875505,0.5404989453706432,1.4659426659318249,33,37,373154,373150
HET_only,"splice_region_variant,5_prime_UTR_variant",2.250167055424858,0.2668414932878437,0.6279712220192133,9.999630395509847,9,4,373178,373183
HET_only,"splice_acceptor_variant,non_coding_transcript_variant",2.0000030006440714,0.5078098622279076,0.42712468759203653,12.359572521713684,6,3,373181,373184
HET_only,splice_acceptor_variant,Inf,1,0.02564066406250001,Inf,1,0,373186,373187
HET_only,"intron_variant,NMD_transcript_variant",0.7018859300056026,8.4854443790645e-32,0.6609795917702771,0.7452089373962499,1859,2643,371328,370544
HET_only,"splice_region_variant,intron_variant,NMD_transcript_variant",0.6666687329008234,1,0.055701752681509634,5.819840848304246,2,3,373185,373184
HET_only,splice_donor_variant,1.4999993701286107,0.753904601389129,0.3557065989023436,7.2272373226736395,6,4,373181,373183
HET_only,stop_gained,0.6249990406379883,0.5810513196167375,0.16086903994409837,2.166873131833041,5,8,373182,373179
HET_only,"synonymous_variant,NMD_transcript_variant",0.37497466099158966,0.226559045781583,0.06407301761201493,1.562372063277212,3,8,373184,373179
HET_only,"3_prime_UTR_variant,NMD_transcript_variant",0.9459211269148535,0.9062898046553095,0.5785147079271442,1.5438698801866158,35,37,373152,373150
HET_only,"missense_variant,NMD_transcript_variant",0.16666836707567934,0.12499824149587418,0.003627882457828017,1.3737358137281588,1,6,373186,373181
HET_only,"5_prime_UTR_variant,NMD_transcript_variant",0.6666687329008234,1,0.055701752681509634,5.819840848304246,2,3,373185,373184
HOM_all,CTCF_binding_site,1.2328843158771736,0,1.2212025167516645,1.2447356427208613,97922,80037,2320944,2338829
HOM_all,promoter_flanking_region,1.1540817845155906,0,1.1471953797625734,1.1609432499171903,257101,225982,2161765,2192884
HOM_all,open_chromatin_region,0.9042998200204381,1.662680542394648e-34,0.8898099682173092,0.9189893104359083,28597,31584,2390269,2387282
HOM_all,TF_binding_site,1.1237965298488115,1.2435393058307886e-18,1.0948978837469525,1.1534357688474113,12155,10822,2406711,2408044
HOM_all,promoter,1.8039000531144254,0,1.78469260785666,1.8234173908500617,95344,53799,2323522,2365067
HOM_all,enhancer,0.9023543975906277,3.019766339403257e-74,0.8924186467471009,0.9123731257581976,61548,68021,2357318,2350845
HOM_all,non_coding_transcript_exon_variant,1.3891034966025022,0,1.3700045995171364,1.408438496006287,48712,35266,2370154,2383600
HOM_all,downstream_gene_variant,1.5570844022191486,0,1.5483339181199174,1.566037180410285,334290,225855,2084576,2193011
HOM_all,"intron_variant,non_coding_transcript_variant",0.9719844736896324,5.462000800833477e-26,0.9668382821443436,0.9771387188726898,313236,321064,2105630,2097802
HOM_all,upstream_gene_variant,1.5889207035382438,0,1.5799136422691271,1.5980272642784499,337956,224309,2080910,2194557
HOM_all,"splice_region_variant,intron_variant,non_coding_transcript_variant",1.3812634140643114,3.939197310200831e-7,1.2170551867627137,1.5686529552910895,587,425,2418279,2418441
HOM_all,intron_variant,1.3739531894937376,0,1.3689274430514466,1.379008081138606,1037935,855322,1380931,1563544
HOM_all,synonymous_variant,1.6666971453474506,7.029023023777144e-300,1.6214192988680434,1.7133366071127791,13603,8180,2405263,2410686
HOM_all,missense_variant,1.7019295386547884,2.564001406590717e-286,1.6526689398179526,1.7528537558652666,12103,7126,2406763,2411740
HOM_all,3_prime_UTR_variant,1.7337322156456405,0,1.7044673934441084,1.7635565336440655,36577,21233,2382289,2397633
HOM_all,"splice_region_variant,intron_variant",1.718537315726907,1.3465741151409153e-52,1.6004087281379398,1.846053914375472,2089,1216,2416777,2417650
HOM_all,5_prime_UTR_variant,1.8888745790277963,8.724951797908732e-189,1.8080760491546664,1.973754675883537,5847,3099,2413019,2415767
HOM_all,"splice_donor_variant,non_coding_transcript_variant",1.4933483082640846,0.00829844881899214,1.1048244626974908,2.0283838691099514,112,75,2418754,2418791
HOM_all,mature_miRNA_variant,1.3529429437921996,0.21851422789789132,0.8497836071916883,2.173509402880616,46,34,2418820,2418832
HOM_all,"missense_variant,splice_region_variant",1.6309259015416115,2.371552908882213e-6,1.3245928792443156,2.013658180910263,243,149,2418623,2418717
HOM_all,"splice_region_variant,synonymous_variant",1.6813943740719663,2.1755203458962315e-8,1.395005808128597,2.031430780842969,306,182,2418560,2418684
HOM_all,"splice_region_variant,non_coding_transcript_exon_variant",1.293208118321834,0.00255410557929354,1.0926380079124487,1.532039080671065,322,249,2418544,2418617
HOM_all,"splice_region_variant,5_prime_UTR_variant",1.710534647668762,0.01006254247992222,1.1291774095040454,2.6238345678239527,65,38,2418801,2418828
HOM_all,"splice_acceptor_variant,non_coding_transcript_variant",1.5600090637453772,0.0166693019369295,1.0799470182547442,2.2717381072871903,78,50,2418788,2418816
HOM_all,splice_acceptor_variant,4.142630949253733,3.125358659134497e-4,1.775886638339238,11.203614622619224,29,7,2418837,2418859
HOM_all,"intron_variant,NMD_transcript_variant",1.7194098547480485,0,1.6868484857183201,1.7526125639304122,28918,16903,2389948,2401963
HOM_all,"splice_region_variant,intron_variant,NMD_transcript_variant",2.5001649348309725,0.0018414448721633227,1.369123878623886,4.782058212127732,40,16,2418826,2418850
HOM_all,splice_donor_variant,1.9047652644414312,0.020413927888444032,1.0966781784034558,3.400296140040431,40,21,2418826,2418845
HOM_all,stop_gained,1.8333559850016703,3.4290588713927893e-4,1.3030316074979744,2.603669354816109,99,54,2418767,2418812
HOM_all,"synonymous_variant,NMD_transcript_variant",2.0638610243695523,3.754726896712934e-5,1.4423664413149442,2.989926343315578,97,47,2418769,2418819
HOM_all,"3_prime_UTR_variant,NMD_transcript_variant",1.8389904764683545,1.5741575351651522e-16,1.5838083993826133,2.138882140639413,502,273,2418364,2418593
HOM_all,"missense_variant,NMD_transcript_variant",1.9574716126862686,1.6848595101556544e-4,1.3630237584476839,2.8444981759326384,92,47,2418774,2418819
HOM_all,"5_prime_UTR_variant,NMD_transcript_variant",1.9565279220451897,0.010337130435667844,1.1590353733317906,3.387959662855587,45,23,2418821,2418843
HOM_HET_intersect,CTCF_binding_site,1.3007803124798338,0,1.2855921187295354,1.316160726921867,66511,51643,1486081,1500949
HOM_HET_intersect,promoter_flanking_region,1.1800698957461704,0,1.1713811204260793,1.1888740535385136,168681,145351,1383911,1407241
HOM_HET_intersect,open_chromatin_region,0.8721110700291917,2.7795602107431764e-40,0.8546515901543634,0.8899493713992549,17856,20440,1534736,1532152
HOM_HET_intersect,TF_binding_site,1.149077696495109,2.2368863559805684e-17,1.1126159427201134,1.1867232693842504,8037,6999,1544555,1545593
HOM_HET_intersect,promoter,2.172816055348386,0,2.144821855193871,2.2013202518352615,73485,34707,1479107,1517885
HOM_HET_intersect,enhancer,0.8530205153990452,4.555184162017465e-111,0.8411864444113905,0.8650345379773249,37732,44049,1514860,1508543
HOM_HET_intersect,non_coding_transcript_exon_variant,1.4705583699164502,0,1.445788987950071,1.49579121388094,33425,22887,1519167,1529705
HOM_HET_intersect,downstream_gene_variant,1.74678222394699,0,1.7346055979781114,1.7590924496862663,235988,144486,1316604,1408106
HOM_HET_intersect,"intron_variant,non_coding_transcript_variant",0.9056539256974399,6.661597397545994e-186,0.8996188100097487,0.911745788647173,188951,206023,1363641,1346569
HOM_HET_intersect,upstream_gene_variant,1.8157399830602938,0,1.8032335170337388,1.8284634871572327,242055,143348,1310537,1409244
HOM_HET_intersect,"splice_region_variant,intron_variant,non_coding_transcript_variant",1.673327700612121,4.190081424110766e-11,1.4303650221280448,1.9607766471531582,430,257,1552162,1552335
HOM_HET_intersect,intron_variant,1.5934562884921424,0,1.5862343192902246,1.6007619322285254,723676,549545,828916,1003047
HOM_HET_intersect,synonymous_variant,1.9163459350991978,0,1.8537774989284217,1.9812213681769657,10245,5363,1542347,1547229
HOM_HET_intersect,missense_variant,2.0062499489614005,0,1.9352830100754914,2.080102928007943,8974,4486,1543618,1548106
HOM_HET_intersect,3_prime_UTR_variant,1.9804296345196866,0,1.9397646005892497,2.0221289469111685,26839,13669,1525753,1538923
HOM_HET_intersect,"splice_region_variant,intron_variant",2.0135249468911085,2.705400293492779e-62,1.84875807109223,2.194343911258902,1612,801,1550980,1551791
HOM_HET_intersect,5_prime_UTR_variant,2.2925341952447345,3.6553682476711635e-232,2.1755671308334943,2.416001156618294,4664,2038,1547928,1550554
HOM_HET_intersect,"splice_donor_variant,non_coding_transcript_variant",1.25862996645088,0.2211062711724159,0.8794140455798769,1.8086266543532856,73,58,1552519,1552534
HOM_HET_intersect,mature_miRNA_variant,1.9473792378163561,0.02224019571422407,1.091587194741813,3.58486742250385,37,19,1552555,1552573
HOM_HET_intersect,"missense_variant,splice_region_variant",2.2979184923692944,4.884774231759559e-11,1.7695186855855785,3.0054232178613782,193,84,1552399,1552508
HOM_HET_intersect,"splice_region_variant,synonymous_variant",1.9570247108650813,2.0833907200097327e-9,1.5579569823799786,2.469314174500799,227,116,1552365,1552476
HOM_HET_intersect,"splice_region_variant,non_coding_transcript_exon_variant",1.565590771546261,2.488594881693811e-5,1.265534943053629,1.9418716887072698,227,145,1552365,1552447
HOM_HET_intersect,"splice_region_variant,5_prime_UTR_variant",1.9565377045705397,0.010336834303091322,1.1590388404335819,3.3879829088762645,45,23,1552547,1552569
HOM_HET_intersect,"splice_acceptor_variant,non_coding_transcript_variant",1.8620872847542225,0.008035872188975288,1.1648181769943518,3.032891432060297,54,29,1552538,1552563
HOM_HET_intersect,splice_acceptor_variant,3.833081083785259,0.0023155951973793157,1.5174010886599576,11.509210066371311,23,6,1552569,1552586
HOM_HET_intersect,"intron_variant,NMD_transcript_variant",1.9960987938243457,0,1.950360018683614,2.043027463841874,21701,10948,1530891,1541644
HOM_HET_intersect,"splice_region_variant,intron_variant,NMD_transcript_variant",1.9375069590663319,0.03998456397381379,1.0278610404531967,3.793103035433358,31,16,1552561,1552576
HOM_HET_intersect,splice_donor_variant,1.4000011747534613,0.3123230544990989,0.7609711300099453,2.6215691961802716,28,20,1552564,1552572
HOM_HET_intersect,stop_gained,1.9412047193819548,0.0017896285628536649,1.2648503102689772,3.028718683288426,66,34,1552526,1552558
HOM_HET_intersect,"synonymous_variant,NMD_transcript_variant",2.807935349742556,2.4832430066781568e-6,1.772598127450968,4.577988228413597,73,26,1552519,1552566
HOM_HET_intersect,"3_prime_UTR_variant,NMD_transcript_variant",2.9938409106622834,1.8987523969790983e-34,2.4750858686774544,3.638430794822555,434,145,1552158,1552447
HOM_HET_intersect,"missense_variant,NMD_transcript_variant",3.1603631298392787,1.0535084255701961e-7,1.9933732644608024,5.17292364464666,79,25,1552513,1552567
HOM_HET_intersect,"5_prime_UTR_variant,NMD_transcript_variant",3.4163961767345548,8.170240031678077e-5,1.7617200813476277,7.141657530934998,41,12,1552551,1552580
HOM_only,CTCF_binding_site,1.1130076520525007,9.279541163468053e-38,1.094923172203572,1.1313752766947833,31411,28326,834863,837948
HOM_only,promoter_flanking_region,1.1167825633094017,9.797373683565598e-103,1.1055753232453356,1.128099352794592,88420,80028,777854,786246
HOM_only,open_chromatin_region,0.953141924849274,4.183581338010834e-4,0.9280535286966758,0.9789495095922979,10741,11262,855533,855012
HOM_only,TF_binding_site,1.0803420349271509,6.220855159803385e-4,1.033452914115608,1.1294273520686384,4118,3813,862156,862461
HOM_only,promoter,1.1376498889976798,4.2690036322100407e-38,1.1154824477021232,1.1602239545241517,21859,19273,844415,847001
HOM_only,enhancer,0.9799310132270944,0.02873148519080593,0.9622912485160872,0.9979003929382738,23816,24290,842458,841984
HOM_only,non_coding_transcript_exon_variant,1.2349814616792276,1.3320705874006932e-67,1.2057721210213415,1.2648859663228988,15287,12420,850987,853854
HOM_only,downstream_gene_variant,1.2523088546337298,0,1.2400040697289254,1.2647072567295088,98302,80333,767972,785941
HOM_only,"intron_variant,non_coding_transcript_variant",1.0955806113061193,2.576948065522186e-95,1.086134680429217,1.1050804946354107,124285,114880,741989,751394
HOM_only,upstream_gene_variant,1.2184163575969882,0,1.206421629015061,1.2305388316222305,95901,80303,770373,785971
HOM_only,"splice_region_variant,intron_variant,non_coding_transcript_variant",0.9514901943633012,0.6965032845662108,0.7598327840719984,1.1911828792585373,157,165,866117,866109
HOM_only,intron_variant,1.039735354110189,1.0395949595129187e-34,1.0332773227939183,1.0461830115288009,314259,306502,552015,559772
HOM_only,synonymous_variant,1.150978247675914,3.014476038547852e-8,1.0948520161773145,1.2100224366136154,3358,2919,862916,863355
HOM_only,missense_variant,1.2371242214098521,1.7826248988363344e-15,1.1735126758524164,1.3042949774368386,3129,2531,863145,863743
HOM_only,3_prime_UTR_variant,1.2680134350250805,1.934782871463879e-54,1.2303649677572936,1.3068642265099968,9738,7698,856536,858576
HOM_only,"splice_region_variant,intron_variant",1.2263434296430844,0.003083098107426814,1.0703626387330858,1.4056917440596237,477,389,865797,865885
HOM_only,5_prime_UTR_variant,1.047911268757426,0.2700274061771432,0.9649677508256082,1.1380068189465373,1183,1129,865091,865145
HOM_only,"splice_donor_variant,non_coding_transcript_variant",1.6250179607928827,0.07692048102778265,0.9530166791386372,2.824871283333214,39,24,866235,866250
HOM_only,mature_miRNA_variant,0.4736813965373784,0.08715601376701244,0.18874407801792853,1.0987035908979799,9,19,866265,866255
HOM_only,"missense_variant,splice_region_variant",0.8064421062163158,0.29857721270151016,0.5442512226083033,1.1896966581258221,50,62,866224,866212
HOM_only,"splice_region_variant,synonymous_variant",1.1969859471850357,0.31896919967341303,0.8522800501610832,1.685751535772621,79,66,866195,866208
HOM_only,"splice_region_variant,non_coding_transcript_exon_variant",1.2337894407931607,0.1947253198240897,0.9038829308778593,1.6886754126120134,95,77,866179,866197
HOM_only,"splice_region_variant,5_prime_UTR_variant",1.6666713923137313,0.21532290161082832,0.7759720662277731,3.7391962670970242,20,12,866254,866262
HOM_only,"splice_acceptor_variant,non_coding_transcript_variant",3.000236707031638,0.006999857835651159,1.3038668088825636,7.725362529748145,24,8,866250,866266
HOM_only,splice_acceptor_variant,0.8571427471400468,1,0.23797834416857627,2.9786574939315207,6,7,866268,866267
HOM_only,"intron_variant,NMD_transcript_variant",1.188576024885903,4.3574662852629175e-23,1.1483989633080465,1.2302388468151566,7217,6080,859057,860194
HOM_only,"splice_region_variant,intron_variant,NMD_transcript_variant",1.2857136978701234,0.8036184779766933,0.42607881733057423,4.062430320411576,9,7,866265,866267
HOM_only,splice_donor_variant,2.40015721008688,0.14346117281317763,0.7870521814853987,8.695808575847769,12,5,866262,866269
HOM_only,stop_gained,1.137935504024504,0.7035315924152513,0.6698909163731998,1.9427175073422296,33,29,866241,866245
HOM_only,"synonymous_variant,NMD_transcript_variant",1.411769696874009,0.3488831500704546,0.7273904346168574,2.7999637130916053,24,17,866250,866257
HOM_only,"3_prime_UTR_variant,NMD_transcript_variant",0.7157702854842051,0.04136288322694909,0.5163968938859049,0.9875506777100462,68,95,866206,866179
HOM_only,"missense_variant,NMD_transcript_variant",0.9285984697917824,1,0.4018907613567988,2.1299233731410787,13,14,866261,866260
HOM_only,"5_prime_UTR_variant,NMD_transcript_variant",1,1,0.186242000021928,5.369358146294933,4,4,866270,866270
TBT_all,CTCF_binding_site,1.2065737940323322,0,1.1958700363811505,1.2173800396595902,110371,92098,2681122,2699395
TBT_all,promoter_flanking_region,1.1591571727458747,0,1.1527674807360992,1.1656561314582186,295923,259062,2495570,2532431
TBT_all,open_chromatin_region,0.9312303214728381,7.244673043013905e-21,0.9174060091112484,0.9452110052401044,33817,36283,2757676,2755210
TBT_all,TF_binding_site,1.1052183381657807,5.945637347071889e-16,1.0787006667965044,1.1324248969917887,13832,12521,2777661,2778972
TBT_all,promoter,1.6996881100417283,0,1.6826665882031704,1.7170266807726453,103665,61937,2687828,2729556
TBT_all,enhancer,0.9194249979608164,3.313925303299713e-58,0.9099970381908569,0.928898531043651,72318,78479,2719175,2713014
TBT_all,non_coding_transcript_exon_variant,1.328076236838234,0,1.3108765237184496,1.345564858661215,53197,40245,2738296,2751248
TBT_all,downstream_gene_variant,1.4675936196770483,0,1.4598100706431596,1.4754713743634134,365453,259852,2426040,2531641
TBT_all,"intron_variant,non_coding_transcript_variant",0.9579438737017196,2.5987481912538422e-65,0.9532398081524117,0.9626843831109233,356372,369939,2435121,2421554
TBT_all,upstream_gene_variant,1.5091614536595572,0,1.5011846857264521,1.517301337040796,371073,257423,2420420,2534070
TBT_all,"splice_region_variant,intron_variant,non_coding_transcript_variant",1.4400953391751043,2.500187291751553e-9,1.27491947984881,1.6277993256422671,648,450,2790845,2791043
TBT_all,intron_variant,1.3669318066749099,0,1.3623425896318788,1.3716487060015448,1193981,986762,1597512,1804731
TBT_all,synonymous_variant,1.5718763414854353,1.1528371308873179e-265,1.5317554470916321,1.6130342228839796,14918,9509,2776575,2781984
TBT_all,missense_variant,1.6241826353295759,3.6541710930433396e-266,1.5797659965057111,1.6699467470127047,13205,8145,2778288,2783348
TBT_all,3_prime_UTR_variant,1.6175085172301034,0,1.5917243617163632,1.6437262766919318,39526,24569,2751967,2766924
TBT_all,"splice_region_variant,intron_variant",1.6768143649545377,1.1019181878340971e-52,1.5668983398335172,1.794963043290247,2268,1353,2789225,2790140
TBT_all,5_prime_UTR_variant,1.75315190415205,3.9395906023047615e-167,1.6829416935844765,1.8264939364125294,6391,3649,2785102,2787844
TBT_all,"splice_donor_variant,non_coding_transcript_variant",1.1132118809599267,0.462427392740473,0.8490801289303824,1.4610728895646379,118,106,2791375,2791387
TBT_all,mature_miRNA_variant,1.3414654666930155,0.1842820986949832,0.8790962007807099,2.0617786532269986,55,41,2791438,2791452
TBT_all,"missense_variant,splice_region_variant",1.8108773123454396,4.241762300587051e-9,1.4761063156565506,2.228735683998691,268,148,2791225,2791345
TBT_all,"splice_region_variant,synonymous_variant",1.4241491240384168,5.261858161564964e-5,1.1966945638005388,1.6971652591084387,319,224,2791174,2791269
TBT_all,"splice_region_variant,non_coding_transcript_exon_variant",1.5063857845219946,9.64409081321451e-7,1.274702485415302,1.7828533941680549,357,237,2791136,2791256
TBT_all,"splice_region_variant,5_prime_UTR_variant",1.720938524407083,0.005318803955739794,1.1662424047408695,2.567719462851906,74,43,2791419,2791450
TBT_all,"splice_acceptor_variant,non_coding_transcript_variant",1.7347053272068989,0.002371538987629346,1.2065165758684002,2.51866094851141,85,49,2791408,2791444
TBT_all,splice_acceptor_variant,2.0714283405320693,0.031538849363817095,1.0599814609215246,4.2421414529398245,29,14,2791464,2791479
TBT_all,"intron_variant,NMD_transcript_variant",1.5773717555154394,0,1.5491818629689418,1.6062272722666955,30590,19471,2760903,2772022
TBT_all,"splice_region_variant,intron_variant,NMD_transcript_variant",1.7391300737831672,0.04295537731736642,1.0163330685238885,3.043161097958368,40,23,2791453,2791470
TBT_all,splice_donor_variant,2.333495149801055,0.001093167608819703,1.3734240271430087,4.096210707667386,49,21,2791444,2791472
TBT_all,stop_gained,1.8813794375231911,8.150462238150366e-5,1.3599154341386424,2.625841036604906,111,59,2791382,2791434
TBT_all,"synonymous_variant,NMD_transcript_variant",2.1224796121060705,1.0303457838039317e-5,1.4973461239866659,3.045084752675352,104,49,2791389,2791444
TBT_all,"3_prime_UTR_variant,NMD_transcript_variant",1.9323119499999402,5.563552385921406e-20,1.6695914996197396,2.2403579045127295,541,280,2790952,2791213
TBT_all,"missense_variant,NMD_transcript_variant",2.108722940456134,2.4073410404307294e-5,1.4700101042138964,3.064108933677605,97,46,2791396,2791447
TBT_all,"5_prime_UTR_variant,NMD_transcript_variant",1.920004240067193,0.009541746518103756,1.1605730453704732,3.249457688335829,48,25,2791445,2791468
TBT_only,CTCF_binding_site,1.0429977848208223,0.004032065979454941,1.013478825824884,1.0733467899974114,9903,9508,285674,286069
TBT_only,promoter_flanking_region,1.08370538518792,2.3628008813010016e-19,1.064885380877726,1.1029205634993038,28667,26652,266910,268925
TBT_only,open_chromatin_region,1.0233614542467808,0.3190332060943314,0.9781743151350061,1.070648844656412,3906,3818,291671,291759
TBT_only,TF_binding_site,1.0353637307609416,0.39290372493303377,0.9570328110168764,1.120101961962161,1294,1250,294283,294327
TBT_only,promoter,0.8985667816513239,3.368598547198578e-9,0.867129532337229,0.9310826936513349,5944,6600,289633,288977
TBT_only,enhancer,1.021352038329605,0.18283631794656566,0.9901422472523976,1.0535038565876162,8365,8195,287212,287382
TBT_only,non_coding_transcript_exon_variant,1.0654471951683344,0.003965081338232992,1.0204030788396046,1.1124806126664277,4360,4096,291217,291481
TBT_only,downstream_gene_variant,1.0184965215653026,0.03964629464956123,1.000867238354796,1.0364484304111292,28200,27736,267377,267841
TBT_only,"intron_variant,non_coding_transcript_variant",1.1394581891854045,3.008690238977047e-68,1.1228597807379024,1.1562989626806208,44049,39376,251528,256201
TBT_only,upstream_gene_variant,1.0119614453108114,0.186162731829231,0.9942857986023128,1.0299340219005033,27593,27297,267984,268280
TBT_only,"splice_region_variant,intron_variant,non_coding_transcript_variant",0.8280956606892999,0.35523198825698465,0.5643190503026382,1.2107354924927471,53,64,295524,295513
TBT_only,intron_variant,1.0020333141367446,0.7111678069350192,0.9913756182898193,1.012794441785855,104206,104069,191371,191508
TBT_only,synonymous_variant,1.028934405280488,0.5347077079885107,0.9423592262711185,1.1234776700546205,1035,1006,294542,294571
TBT_only,missense_variant,0.9724245246097114,0.5621578211569495,0.8869748365302698,1.0660968915081337,920,946,294657,294631
TBT_only,3_prime_UTR_variant,0.9368534297238885,0.021567999628515275,0.886127643488701,0.9905133322894103,2456,2620,293121,292957
TBT_only,"splice_region_variant,intron_variant",1,1,0.7927189868216777,1.2614810754179022,151,151,295426,295426
TBT_only,5_prime_UTR_variant,0.970702326454639,0.7132059019995458,0.838112405572347,1.1242040986528021,365,376,295212,295201
TBT_only,"splice_donor_variant,non_coding_transcript_variant",0.7857085375385015,0.6900316735824434,0.32277761159906837,1.8630485944296462,11,14,295566,295563
TBT_only,mature_miRNA_variant,0.7500003138031068,1,0.10988209113447092,4.433274918643877,3,4,295574,295573
TBT_only,"missense_variant,splice_region_variant",1.461560054153872,0.37707258958783124,0.6847757349227311,3.2196971862162673,19,13,295558,295564
TBT_only,"splice_region_variant,synonymous_variant",1,0.9999999999999999,0.441892215621571,2.2629952840273226,14,14,295563,295563
TBT_only,"splice_region_variant,non_coding_transcript_exon_variant",1.0555836227845783,0.9075548313446287,0.6513099227868017,1.713706206408468,38,36,295539,295541
TBT_only,"splice_region_variant,5_prime_UTR_variant",0.499998311748888,0.5078091696185478,0.08090863967289524,2.341237707039133,3,6,295574,295571
TBT_only,"splice_acceptor_variant,non_coding_transcript_variant",5.999956872912423,0.12499777976259967,0.7279427856296633,275.6440455940305,6,1,295571,295576
TBT_only,splice_acceptor_variant,0.5000016948308281,1,0.008480606125899168,9.605113205843848,1,2,295576,295575
TBT_only,"intron_variant,NMD_transcript_variant",1.0019919203998002,0.9622634397377148,0.9414576400367946,1.066424707415046,2026,2022,293551,293555
TBT_only,"splice_region_variant,intron_variant,NMD_transcript_variant",0,0.031249207062095313,0,0.8492791777016248,0,6,295577,295571
TBT_only,splice_donor_variant,1.6666663496924625,0.7265606497880821,0.3242763822478906,10.734746415738762,5,3,295572,295574
TBT_only,stop_gained,1.333341797103006,0.6636181195130907,0.5156225021722821,3.583092319368627,12,9,295565,295568
TBT_only,"synonymous_variant,NMD_transcript_variant",1.4000027948082103,0.7744117728511318,0.3824851543619645,5.5936270031202,7,5,295570,295572
TBT_only,"3_prime_UTR_variant,NMD_transcript_variant",0.6110863478434252,0.0869334587075632,0.3424442163517342,1.0673127094776593,22,36,295555,295541
TBT_only,"missense_variant,NMD_transcript_variant",0.5833275939125836,0.35927564348316293,0.19456958355364448,1.6070754730412842,7,12,295570,295565
TBT_only,"5_prime_UTR_variant,NMD_transcript_variant",1,1,0.07250629553287559,13.791905829012924,2,2,295575,295575
FastGxE_TBT_intersect,CTCF_binding_site,1.2280958673798497,0,1.2166220053932242,1.2397034835923748,100468,82424,2395448,2413492
FastGxE_TBT_intersect,promoter_flanking_region,1.1701760541379955,0,1.1632841606682431,1.177023606246364,267256,232002,2228660,2263914
FastGxE_TBT_intersect,open_chromatin_region,0.9139438456748985,5.164148463457744e-29,0.8995732309151965,0.9284906259206921,29911,32691,2466005,2463225
FastGxE_TBT_intersect,TF_binding_site,1.1284669720531237,2.0956599004596506e-20,1.09985293885633,1.1578334057117352,12538,11117,2483378,2484799
FastGxE_TBT_intersect,promoter,1.7979184415773986,0,1.7790061881727564,1.8171869169628565,97721,55313,2398195,2440603
FastGxE_TBT_intersect,enhancer,0.9045373273396291,1.735962975211904e-73,0.8947787734813927,0.9143871483608165,63953,70512,2431963,2425404
FastGxE_TBT_intersect,non_coding_transcript_exon_variant,1.3645786623780274,0,1.345990628606383,1.3834827843230273,48837,35977,2447079,2459939
FastGxE_TBT_intersect,downstream_gene_variant,1.520817841460593,0,1.5122902363403896,1.5293477340114126,337253,232515,2158663,2263401
FastGxE_TBT_intersect,"intron_variant,non_coding_transcript_variant",0.9344578697728424,3.8677741582894675e-142,0.929518583220964,0.9393561989625108,312323,331329,2183593,2164587
FastGxE_TBT_intersect,upstream_gene_variant,1.5659492057231048,0,1.5572897239532,1.5747000033222411,343480,230821,2152436,2265095
FastGxE_TBT_intersect,"splice_region_variant,intron_variant,non_coding_transcript_variant",1.4303844280589117,1.9899452967602668e-8,1.2598374464580366,1.6251957502670167,595,416,2495321,2495500
FastGxE_TBT_intersect,intron_variant,1.4170867019474116,0,1.4120386438769081,1.4222199361123442,1089775,882415,1406141,1613501
FastGxE_TBT_intersect,synonymous_variant,1.6325861018434804,8.46887455868175e-285,1.589018180960787,1.6774932021952038,13883,8522,2482033,2487394
FastGxE_TBT_intersect,missense_variant,1.7145086116647485,1.4363870323751544e-297,1.665104285512005,1.7656022859727054,12285,7180,2483631,2488736
FastGxE_TBT_intersect,3_prime_UTR_variant,1.6961713315004645,0,1.667881657382128,1.7249806870574438,37070,21989,2458846,2473927
FastGxE_TBT_intersect,"splice_region_variant,intron_variant",1.6557452955161596,2.82659900816668e-47,1.5439545607795757,1.7762449618675604,2117,1279,2493799,2494637
FastGxE_TBT_intersect,5_prime_UTR_variant,1.8510766142254957,2.7360988347923415e-184,1.7734728471022811,1.9322430507196595,6026,3259,2489890,2492657
FastGxE_TBT_intersect,"splice_donor_variant,non_coding_transcript_variant",1.1888954956556093,0.2542375745618372,0.889830619023752,1.5915732792323032,107,90,2495809,2495826
FastGxE_TBT_intersect,mature_miRNA_variant,1.6774230092055074,0.027532896523073756,1.0551776887007194,2.707728792836791,52,31,2495864,2495885
FastGxE_TBT_intersect,"missense_variant,splice_region_variant",1.8044167343510131,1.8085777464856025e-8,1.459725991743605,2.2381591805093883,249,138,2495667,2495778
FastGxE_TBT_intersect,"splice_region_variant,synonymous_variant",1.5886041812096392,4.536664037168685e-7,1.3218058320815391,1.9130652933876509,305,192,2495611,2495724
FastGxE_TBT_intersect,"splice_region_variant,non_coding_transcript_exon_variant",1.3750424964666144,2.4172654980057735e-4,1.1574459515650104,1.6355427229565642,319,232,2495597,2495684
FastGxE_TBT_intersect,"splice_region_variant,5_prime_UTR_variant",1.8205247576421701,0.002943327891133571,1.2150285173865234,2.7640651807588257,71,39,2495845,2495877
FastGxE_TBT_intersect,"splice_acceptor_variant,non_coding_transcript_variant",1.79546842422707,0.002044781149706792,1.226531512794685,2.6584522231470364,79,44,2495837,2495872
FastGxE_TBT_intersect,splice_acceptor_variant,1.999999660661932,0.043557645509070195,1.0182186363386045,4.111191255331457,28,14,2495888,2495902
FastGxE_TBT_intersect,"intron_variant,NMD_transcript_variant",1.6488353414883168,0,1.6177961746910883,1.680391029542597,28564,17402,2467352,2478514
FastGxE_TBT_intersect,"splice_region_variant,intron_variant,NMD_transcript_variant",1.7391313080595476,0.04295523897378817,1.0163334243860105,3.043164283732319,40,23,2495876,2495893
FastGxE_TBT_intersect,splice_donor_variant,1.5714294832659705,0.07636703933378498,0.9567343295040984,2.6212802941257176,44,28,2495872,2495888
FastGxE_TBT_intersect,stop_gained,1.8000204122632721,4.896957468678444e-4,1.28182071669407,2.5505595254193354,99,55,2495817,2495861
FastGxE_TBT_intersect,"synonymous_variant,NMD_transcript_variant",1.865406712451602,2.838104284393113e-4,1.3185835051686985,2.66548667686291,97,52,2495819,2495864
FastGxE_TBT_intersect,"3_prime_UTR_variant,NMD_transcript_variant",1.8874456783650382,3.524143796946904e-18,1.6275945175233502,2.1925091757826416,519,275,2495397,2495641
FastGxE_TBT_intersect,"missense_variant,NMD_transcript_variant",1.5254342436516648,0.01371063198564212,1.0864546641756632,2.15573993877089,90,59,2495826,2495857
FastGxE_TBT_intersect,"5_prime_UTR_variant,NMD_transcript_variant",2.090917865649131,0.004903094577330187,1.2325233341676423,3.6497008147015393,46,22,2495870,2495894
